                  epoch,         train/box_loss,         train/cls_loss,         train/dfl_loss,   metrics/precision(B),      metrics/recall(B),       metrics/mAP50(B),    metrics/mAP50-95(B),           val/box_loss,           val/cls_loss,           val/dfl_loss,                 lr/pg0,                 lr/pg1,                 lr/pg2
                      1,                 2.9665,                 3.2894,                 3.6536,                0.20635,                0.18114,                0.14018,                0.04652,                 2.5725,                 3.1141,                 3.3172,             0.00066491,             0.00066491,             0.00066491
                      2,                 2.0206,                  2.124,                 2.5154,                0.73976,                0.56829,                 0.5951,                0.28778,                 1.6896,                 2.7765,                 2.4334,              0.0013184,              0.0013184,              0.0013184
