                  epoch,         train/box_loss,         train/cls_loss,         train/dfl_loss,   metrics/precision(B),      metrics/recall(B),       metrics/mAP50(B),    metrics/mAP50-95(B),           val/box_loss,           val/cls_loss,           val/dfl_loss,                 lr/pg0,                 lr/pg1,                 lr/pg2
                      0,                 4.6578,                 6.4069,                 4.3905,                0.00026,                0.07692,                0.00016,                  4e-05,                 4.3249,                 5.6863,                 4.1436,                 0.0865,                 0.0015,                 0.0015
                      1,                 4.4208,                 5.1931,                 4.3726,                0.00026,                0.07692,                0.00016,                  4e-05,                 4.2992,                  5.658,                 4.1246,               0.071486,              0.0024862,              0.0024862
                      2,                 4.4195,                 4.8571,                 4.2492,                0.00026,                0.07692,                0.00016,                  4e-05,                 4.2706,                 4.2437,                 4.1028,               0.055839,              0.0028388,              0.0028388
                      3,                 4.2875,                 4.6055,                 4.1707,                0.00026,                0.07692,                0.00016,                  4e-05,                 4.2531,                 4.2307,                 4.0901,               0.039558,              0.0025578,              0.0025578
                      4,                 4.3419,                 4.6068,                 4.1651,                0.00026,                0.07692,                0.00016,                  4e-05,                 4.2443,                 4.2782,                 4.0822,               0.022643,              0.0016432,              0.0016432
